Order,Event,Researcher,Lab,Ecological_scale ,Scale_group,Site,Start,End,
7,A,Roima Paewai-Huggins,RRAP,Colony,Colony (RRAP),Halfway Interlocked 1,1/09/2023,1/03/2024,
8,B,Devin Rowell,EcoRRAP,Colony,Colony (EcoRRAP),Site 1: Harry's Bommie,1/09/2023,1/11/2023,
8,C,Devin Rowell,EcoRRAP,Colony,Colony (EcoRRAP),Site 1: Harry's Bommie,1/09/2023,1/02/2024,
3,D,Kristen Brown,CREL,Ecosystem ,Ecosystem Benthic Survey (CREL),Harry's Bommie 8m,1/09/2023,2/09/2023,
3,E,Kristen Brown,CREL,Ecosystem ,Ecosystem Benthic Survey (CREL),Harry's Bommie 8m,1/12/2023,2/12/2023,
3,F,Kristen Brown,CREL,Ecosystem ,Ecosystem Benthic Survey (CREL),Harry's Bommie 8m,1/03/2024,2/03/2023,
3,G,Kristen Brown,CREL,Ecosystem ,Ecosystem Benthic Survey (CREL),Harry's Bommie 8m,1/06/2024,2/06/2024,
4,H,Maria Beger & Brigitte Sommer,BS,Ecosystem ,Ecosystem Benthic Survey (BS),Heron - Libby's Lair,1/09/2023,2/09/2024,
4,I,Maria Beger & Brigitte Sommer,BS,Ecosystem ,Ecosystem Benthic Survey (BS),Heron- Coral Gardens,1/09/2024,2/09/2024,
1,J,Chris Roelfsema,MEML,Reef,Ecosystem Reef Map,,1/03/2024,5/03/2024,
2,K,Chris Roelfsema,MEML,Ecosystem,Ecosystem Benthic Survey (MEML),,1/11/2023,1/08/2024,
9,L,Zoe Meziere,RL,Colony,Heat stress juvenile ,H5B,3/02/2024,27/04/2024,
6,M,CoralWatch,CW,Colony,Tagged colony,Windward West,1/09/2023,2/09/2024,
5,N,CoralWatch,CW,Community ,Community survey,Leeward North,1/09/2023,13/09/2024,
5,O,CoralWatch,CW,Community ,Community survey,Windward West ,30/09/2023,5/10/2023,
5,P,CoralWatch,CW,Community ,Community survey,Windward West ,28/10/2023,9/11/2023,
5,Q,CoralWatch,CW,Community ,Community survey,Windward West ,19/01/2024,19/01/2024,
5,S,CoralWatch,CW,Community ,Community survey,Windward West ,24/02/2024,27/02/2024,
5,T,CoralWatch,CW,Community ,Community survey,Windward West ,3/03/2024,4/03/2024,
5,U,CoralWatch,CW,Community ,Community survey,Windward West ,22/03/2024,26/03/2024,
5,V,CoralWatch,CW,Community ,Community survey,Windward West ,10/04/2024,10/04/2024,
5,W,CoralWatch,CW,Community ,Community survey,Windward West ,11/05/2024,20/05/2024,
5,X,CoralWatch,CW,Community ,Community survey,Windward West ,2/06/2024,2/06/2024,
5,Y,CoralWatch,CW,Community ,Community survey,Windward West ,20/08/2024,25/08/2024,
